1,LOCK,Lockitron,Unlocked,2014-10-10 09:12:00
1,LOCK,Lockitron,Unlocked,2014-10-10 09:14:00
1,LOCK,Lockitron,Unlocked,2014-10-10 09:35:00
1,LOCK,Lockitron,Unlocked,2014-10-10 01:14:00
1,LOCK,Lockitron,Unlocked,2014-10-10 01:35:00
1,LOCK,Lockitron,Unlocked,2014-10-10 01:58:00
1,LOCK,Lockitron,Unlocked,2014-10-10 20:16:00
1,LOCK,Lockitron,Unlocked,2014-10-10 20:47:00
1,LOCK,Lockitron,Unlocked,2014-10-10 21:11:00
1,LOCK,Lockitron,Unlocked,2014-10-10 21:29:00
1,LOCK,Lockitron,Unlocked,2014-10-10 21:14:00